Uploaded Date/Time,User Name,Ad Name,Ad Description,Frame Size,Condition,Number of Gears,Material of the Frame,Brand,Ad ID,Location,Page Number,Link
"17 okt. '24, 19:46",Van Ekeris Tweewielers,40% Korting Nieuwe Specialized Diverge E5 Expert EVO,"Te koop aangeboden: Deze prachtige gloednieuwe Specialized diverge E5 Expert in de kleur Pine green. De fiets word geleverd inclusief factuur en kan worden opgehaald of thuisbezorgd worden in overleg.
 Wij zijn gestopt met ons Specialized dealerschap, vandaar dat we de fietsen verkopen met hoge kortingen 
 Groepset: Sram Rival GX 1 x 12
Remset: Sram level TLM 
Framemaat: Medium
Banden: Rhombus Pro 42MM
Seatdropper
Framemateriaal: Aluminium
 Om deze fiets te bekijken kunt u vooraf bellen naar 030-6875222 of u kunt langskomen van Maandag t/m Zaterdag 09:00 tot 17:00
   ",,Nieuw,,,,Advertentie a1506842071,,1,https://www.marktplaats.nl/v/fietsen-en-brommers/fietsen-racefietsen/a1506842071-40-korting-nieuwe-specialized-diverge-e5-expert-evo?c=c3c3a3fd9c3e4c9081be58a8ffe91384&casData=Hp-DIwLAXddX8PuM1u-29-hp2y9LafEfO0SWeWxvSG0drfsLiKGXe4aMPt12legGSGyUxk-EwVrIEuYu6BtVp9PX_qCLUAymp0JupHwvct_0HGmj_kyLWcFxGOXypijjyx9__CHRoXzBePps9w9jRe3bKGwlXflSvac2pvlynoboNIoedTBoWqCdgw9kZsFSyimMCagh7IyyLi0xjXbERDVilmy2M6OMI2_bEf19iMqOalAOZY7UgVvRyUYLvOalMmRB9T_4EWwY2UsS9l54ReNrKeXRVtsQJBvab2ney-o-gsh8m6BqlL1cWMHb3J3m0NGjXtscy65XIwFwT1O6m2liS1zq3UKtqqP228ZWYw7Atb5xB8J9bRHx-veJ1jsz52GaerSbZmJu2fPYJCBdasxrJ7sWCvWFI0atkHPMbaTS2M7Rdk0-BRiEs-f13RsG9Oj0QoMPPqki8mhPV3L7LMV4l52XODhajU7497BGp1egn8HxQ2RY7PgiBUP7T6Un7jqr6i28R_AIYU38e_rAOFq_IkpDEUshOS14xsAHTzQ
"17 okt. '24, 19:53",Van Ekeris Tweewielers,40% Korting nieuwe Specialized Tarmac SL7 Ultegra DI2,"Te koop aangeboden: Deze prachtige gloednieuwe Specialized Tarmac SL7 in een custom gespoten kleur. De fiets word geleverd inclusief factuur en kan worden opgehaald of thuisbezorgd worden in overleg.
 Wij zijn gestopt met ons Specialized dealerschap, vandaar dat we de fietsen verkopen met hoge kortingen 
 Groepset: Ultegra DI2 2 x 12 
Wielen: Roval Rapide CLX
Framemaat: 56CM 
Banden: Specialized Turbo 28mm
Stuurpen: Roval 100MM
Framemateriaal: Carbon
 Om deze fiets te bekijken kunt u vooraf bellen naar 030-6875222 of u kunt langskomen van Maandag t/m Zaterdag 09:00 tot 17:00
 ",,Nieuw,,,,Advertentie a1506842788,,1,https://www.marktplaats.nl/v/fietsen-en-brommers/fietsen-racefietsen/a1506842788-40-korting-nieuwe-specialized-tarmac-sl7-ultegra-di2?c=c3c3a3fd9c3e4c9081be58a8ffe91384&casData=CAbns6Pu29XDzoeV76YhQ8aIgOqsWwTlTNO0kh_-T8TWOcsAgvZ6dACG4OzJ6SiKeyiMJWVNrtqB62jYo4Ez_yNJRVCr_j88OySx4MIUC0lwXuLSKZBI1_Yv1DBuY3HLwfymU1n4ufWJLT0VLpOLQLqPPNu32JAVx3z5JVsA2GUpDWx6ZHI9Th4rOEd0rJSTCGhZ6zLS1RZ50lCPKuOLWoxvbxeg0aH8HtBY4QaJ9a83eUk_R3g03vjabjAD3qDn54Ybj_xCICigejVbmdCEg6gXisNOMO2H8ZfwR9gQO0UZWn0XDZIbOL3gIW75_PLK-qZpzfpmEc_l4D0ymkPD142apQCWuy31rmbfuKDoqIvlXwTokKzMGonjrSEahXi4mOYcMbSiQFgKrs3AiH6poodiiJDS8mW4aGc9SXtJauxI5SPvBrcc-Z2z2bt0JoiHWpe0-wO7rVNWMBPSlM5yu4yrdXcnY0TQrAfz8j0bz8a1Y7D3e0XthwYmyBU-DcS4y1fVxwPCfQehm0ItOkB1TvDJTD3GJsLcFiIRM8sJQHw
"11 jun. '24, 20:28",Rijwiel Cash & Carry,Revolt Advanced 1 2023 3599 voor 2699 Gravelbike L en XL,"Revolt Advanced 1 2023 Cordovan van € 3599,- voor € 2699,-

Maten:  L en XL
Advanced-Grade Composite
Giant Contact XR D-Fuse stuur
SRAM Rival 1 hydraulic remmen
SRAM Rival 1 11 speed
Giant P-X2 Disc wheelset, alloy
Heeft u vragen? Neem dan contact op.


Rijwiel Cash en Carry
Tongelresestraat 250
5613DV Eindhoven
06-42969550",,Nieuw,versnellingen 10 tot 15 versnellingen,Carbon,Giant,Advertentie a1502572486,Eindhoven,1,https://www.marktplaats.nl/v/fietsen-en-brommers/fietsen-racefietsen/a1502572486-revolt-advanced-1-2023-3599-voor-2699-gravelbike-l-en-xl?c=c3c3a3fd9c3e4c9081be58a8ffe91384&casData=U9EfV5cRO1wwFHi42so_X2CU94Fgxo1jrqkUUg3qaFJDvgtL9TlGEZ6JO18oAVLXZ-M-nK9vdOCp-SZJIgYbY12jGHsNbSbWOxs-nPskjLngZdMJ5-WLspFQPHYfcWh85KRIt_NqSQcjSWHMOZm7saXvU3voWiZXfW62XC2MHqS4JEAXLp1ixvCB4fIE6obO8dpigTdypO3FdH_H0B1QUhiLd4oY7xyK_FZATyIbTgnyYtYldORJOK0MoDD4qkCGIHvE1EGIVgQpgbGRsEgnMVfobIhSQoEbGuZCKh-S6wPUC0VzypeYkr9GVPsfHVQDfZ7zXRjDTOvrvT9uH2y_ehqXNK63qMgjyUts3tEzxjaL900vEBN4rhw2Kd4bjvbVU2ScVx187w8zPmIK1vsgT5FEZi_IkrcLE5L76K2HSED1jYAKosNq6ImbDQzjrcVFnQ9AeyYKIYGQyKSyWXZCfvI3ToyDK1NF5Qcvibki1HnJD0kAH_w75IhFUhgoG7MRXU_rNd7-CBAFfbD_D1bUm9GcnYaPOoM4IIe4KFcVVRE
"17 mei. '24, 14:21",Vos Fietsen,Pinarello 2024 OPRUIMING laagste prijs garantie van nederlan,"Pinarello Brandstore daar vind u de grootste keus van de nieuwste pinarello fietsen van nederland wij zijn dealer dus 100 procent garantie en service dus 100 procent zekerheid
Pinarello Dogma F Dura-Ace Di2
Frame: TorayCa T1100 1K Dream Carbon Asymmetric
Voorvork: Onda Carbon T1100
Groepset: Shimano Dura-Ace Disc Di2 12s / Campagnolo SuperRecord EPS 12s
Wielset: Fulcrum Racing Wind 400 Carbon / Scope S4 Carbon
Banden: Pirelli P Zero Race
Zadelpen: Pinarello Aero
Stuur: Most Talon Ultra Light
Stuurpen: Most Talon Ultra Light
Gewicht: *
Bel of mail voor de beschikbare maten
Adviesprijs: €16100,- NU 9000,- ook leverbaar met campagnolo super record EPS van 17100- nu 10.000-
Pinarello Dogma X Dura-Ace Di2
Frame: TorayCa T1100 1K Dream Carbon Asymmetric
Voorvork: Onda Carbon T1100
Groepset: Shimano Dura-Ace Disc Di2 12s
Wielset: PRINCETON GRIT 4540
Banden: Pirelli P Zero Race
Zadelpen: Pinarello Aero
Stuur: Most Talon Ultra Light
Stuurpen: Most Talon Ultra Light
Gewicht: *
Bel of mail voor de beschikbare maten
Adviesprijs: €16100,- NU € 9000,-
Pinarello F7 Shimano Ultegra Di2
Frame: Carbon T900 UD Asymmetric
Voorvork: Onda Carbon
Groepset: Shimano Ultegra Disc Di2 12s
Wielset: MOST Ultrafast 40
Banden: Pirelli P Zero
Zadelpen: Pinarello Aero
Stuur: Most Talon Ultra Light
Stuurpen: Most Talon Ultra Light
Gewicht: *
Bel of mail voor de beschikbare maten
Adviesprijs: €9990,- NU €7500,-
Pinarello F5 Shimano 105 Di2
Frame: Carbon T700 UD Asymmetric
Voorvork: Onda Carbon
Groepset: Shimano 105 Disc Di2 12s
Wielset: Fulcrum Racing 800
Banden: Pirelli P Zero
Zadelpen: Pinarello Aero
Stuur: Jaguar XA Aero TiCR
Stuurpen: Jaguar XA Aero TiCR
Gewicht: *
Bel of mail voor de beschikbare maten
Adviesprijs: €6490,- NU €4865,-
Pinarello X3 Shimano 105 Di2
Frame: Carbon T600 UD Asymmetric
Voorvork: Onda Carbon
Groepset: Shimano 105 Disc Di2 12s
Wielset: Fulcrum Racing 800
Banden: Pirelli P Zero
Zadelpen: Pinarello Aero
Stuur: Jaguar XA Aero TiCR
Stuurpen: Jaguar XA Aero TiCR
Gewicht: *
Bel of mail voor de beschikbare maten
Adviesprijs: €6190,- NU €4865,-
Pinarello X1 Shimano 105
Frame: Carbon T600 UD Asymmetric
Voorvork: Onda Carbon
Groepset: Shimano 105 Disc 11s
Wielset: Shimano RS Disc
Banden: Pirelli P Zero
Zadelpen: Pinarello Aero
Stuur: Jaguar XA Aero TiCR
Stuurpen: Jaguar XA Aero TiCR
Gewicht: *
Bel of mail voor de beschikbare maten
Adviesprijs: €4290,- NU €3215,-
Pinarello Brandstore
Zwanenburgerdijk 297
1161NM Zwanenburg
020-4970102
Openingstijden:
Dinsdag 10:00 tot 18:00
Woensdag 10:00 tot 18:00
Donderdag 10:00 tot 18:00
Vrijdag 10:00 tot 18:00 
Zaterdag 10:00 tot 17:30
Bij ons vindt u het meest diverse en grootste aanbod Pinarello racefietsen in Nederland, en bijna alles op voorraad.",,Nieuw,,,,Advertentie a1501802268,,1,https://www.marktplaats.nl/v/fietsen-en-brommers/fietsen-racefietsen/a1501802268-pinarello-2024-opruiming-laagste-prijs-garantie-van-nederlan?c=c3c3a3fd9c3e4c9081be58a8ffe91384&casData=blVpTc-y0gLW3R8pVQInYHeZHqYVkZvgk0ty0w1HmPy7Ukk1KvA98O2sATdG6j3UFxI_nxFbqyeqvosTs-PQGCKAUepiTB2DyS87XKqdI8u83IBqGeyLuOUh-mawK6Y1SGKIBVGezj8ZrFE0dn28Hr46beJz1_ScLJkcO3TlIceDMP7JzgNC2elY5z9h3fdkGPcMMdhQRT2efxXSTWffVh0uH5PBewwmKgbdchC3jgNrz-CEQAB4k71rDM9619yp6SaYLP2Ag20T-caJc9gFdSqaUfXDi4bT2r022rd55bSe1E-_5FDXFR-pGeseWGavrjU5Tox1jWTucF2CJi2r-EHh2dSnMZC4CWCnt-9PWvGUvV2F0vuaWmnKvhEwiHJJNCFWWnnzW9TIGi-1ty0srktqE2IoTbR40cYc6OVVOpMOscmmcF3K_eX6HIR2XYSqYU8tSDx7AwL5rZNEwER7ssOAHDpmbQjYk8OkGoIDHBP80AQNbWx-2vBaXzLBdol1WhUaki2_eDeUusTW1CmWTONgBeb-R61ZdB72x0gZx6E
"24 aug. '24, 17:51",Vos Fietsen,Sensa Giulia Supremo Red On Black LTD Ultegra Disc Di2 2x12s,"Sensa Giulia Supremo van 6297- nu 4099- Ultegra Disc Di2 2x12s incl carbon stuur en carbon wielset
Laatste Winkelvoorraad NU MET €2198,- ECHTE KORTING!
Frame: Generation 5 Full Carbon - EPS Moulding - CFD Optimized
Voorvork: Supra Full Carbon Monocoque - AIRflow 2
Groepset: Full Shimano Ultegra Di2 Disc R8170 2x12
Wielset: Supra RFC Carbon 35mm of 50mm
Banden: Vittoria Rubino Folding 28mm
Zadelpen: Supra Race Line Carbon Evo
Stuur: Supra Carbon Cockpit
Stuurpen: Supra Carbon Cockpit
Gewicht: Depends on configuration - frame 1025g & fork 335g
Beschikbare maten: Bel of mail voor de beschikbare maten!
Adviesprijs: €6297,- NU €4099,-
Inclusief Carbon Cockpit & Carbon Wielset 35mm of 50mm!
Vosfietsen Zwanenburg
Zwanenburgerdijk 297
1161NM Zwanenburg
020-4970102
Openingstijden:
Dinsdag 10:00 tot 18:00
Woensdag 10:00 tot 18:00
Donderdag 10:00 tot 18:00
Vrijdag 10:00 tot 18:00 
Zaterdag 10:00 tot 17:30
Bij ons vindt u het meest diverse en grootste aanbod racefietsen in Nederland, en bijna alles op voorraad.
 ",,Nieuw,,,,Advertentie a1504828484,,1,https://www.marktplaats.nl/v/fietsen-en-brommers/fietsen-racefietsen/a1504828484-sensa-giulia-supremo-red-on-black-ltd-ultegra-disc-di2-2x12s?c=c3c3a3fd9c3e4c9081be58a8ffe91384&casData=iOLaS88d82a-O7M85PnpNi3yYPqojbtALozwywh0fQzd1j1PPOQWsJ1238YGXP8vKVZyQyPx5cqQZPQoggX_XOBrLLPC39Lm-p8mcBfCYNn2bhJGlHp1bB4yS0QSRWk8_ed4e1xrqI7N5aFiIi67RLUfSmhsTdq1pMshZIYo9cURyr0nsr8lj7MQi8Oqnfq6WMejmc4QS32ZRT_-Og8LE-2NrkEsxqq1ugl8XgXJ9D_WiVvkfMJ4Mw94dk-gfhvFJ2ed_Asybqzt52YVqzKPuOuFEXyTTLq_HhXKJ3mgujWv1wcDCYkVs2r6dVhsZ-KrlwmQsSLZDiXaMKE9BZYr7ROaTW3WgN42XsgDhdzoeRfE2OHvnmtloTADX5hoLdDMlVu-d2aIlbR1A0sJyA3qpAsDNkAmSaz-Pe8oC2DdXOTbVtSAqitTc90W7CiCcSu4ee4scqD55A6yIgK6yp9eVoosUKBRocGL-_NgUrv7zlD7Uxj-TTL7anIyIiNVrEjiTqLOTLkrOvAd9IMB3_kzxCSUhJygLN8BPoWuhiJiUzY
"10 nov. '24, 20:50",Marc,MMR Adrenaline SL maat XL,"Deze high-end MMR racefiets, afgemonteerd met SRAM Force, mag nu weg tegen ieder aannemelijk bod. Oorspronkelijk ingezet als testfiets, maar door omstandigheden in een hoekje komen te staan en wat in de vergetelheid geraakt.

Kenmerken:
• Merk: MMR (Spaans topmerk)
• Groepset: SRAM Force
• Staat: Slechts beperkt gebruikt tijdens tests, dus praktisch als nieuw

Mag weg tegen elk aannemelijk bod!!",57 tot 61 cm,Zo goed als nieuw,versnellingen Meer dan 20 versnellingen,Carbon,Overige merken,Advertentie m2199258956,Utrecht,1,https://www.marktplaats.nl/v/fietsen-en-brommers/fietsen-racefietsen/m2199258956-mmr-adrenaline-sl-maat-xl
"13 okt. '24, 18:14",Archie,"Canyon Grail:On CF7 AXS 2023, Maat XS Electric Gravel Fiets","Bike is as good as new, barely have been ridden. battery can hold charge to cover 100km + in eco mode. and the range goes down to 45 km in turbo mode. The bike has a new speedbox installed after market which allows to switch in between 25 and 35 km/h speed limits.

The best reason for choosing the CF 7 is that it’s just a huge amount of fun to ride.

Any bike that puts a smile on your face the moment you get on board and has the potential to keep you smiling all day is a winner in my book, and I wholeheartedly recommend this Grail:ON.",,Zo goed als nieuw,versnellingen Minder dan 10 versnellingen,Carbon,Overige merken,Advertentie m2177574287,Amsterdam,1,https://www.marktplaats.nl/v/fietsen-en-brommers/fietsen-racefietsen/m2177574287-canyon-grail-on-cf7-axs-2023-maat-xs-electric-gravel-fiets
"7 nov. '24, 17:33",Bakker,SCOTT ADICT 20 DISC/ MAAT: L,"· In zeer goede staat
· Shimano Ultergra 11 Speed
· Wielset: Scope S4 banden Conti 5000
· Maat: 56 cm
· Kleur: Prim Green
· 19 maanden oud, aankoopbon aanwezig
· Stel Shimano WH-RS 171 traningswielen Conti 5000 banden
· Bladen: 50/39, Pion 11 speed: 12-25 Crank: 172,5
· Pedalen Shimano Ultegra
· Zadel Selle Italia Max of Selle Italia SLR
· Plat Syncros stuur",,Zo goed als nieuw,versnellingen Meer dan 20 versnellingen,Carbon,Overige merken,Advertentie m2196726218,,1,https://www.marktplaats.nl/v/fietsen-en-brommers/fietsen-racefietsen/m2196726218-scott-adict-20-disc-maat-l
"10 nov. '24, 17:12",narkan,"Cortina,Gazelle,Sparta,Batavus","Kies een kleur die bij je past , Racefietsen, Stadsfietsen, Moederfiets, oma fiets , kinderen ( 10+) jongens Meisjes.
Je kiest er 1 uit , ik maak het in orde , Extra Korting voor Studenten, Extra Korting Alleenstaande moeders , Gratis voor Wees kinderen , heb je weinig inkomen je hebt vervoer nodig kom naar mij toe en fixed voor je , ik heb fietsen staan voor € 35 duurste fiets kost  € 120 Giant van Aluminium 27 versnellingen , de rest is gemiddeld € 60 tot 80 euro met Garantie ( Utrecht waar wacht je op ? ) neem je ouwe fiets mee  !! Pak een betere fiets mee , waar alles is gedaan.",Minder dan 49 cm,Zo goed als nieuw,versnellingen Meer dan 20 versnellingen,Aluminium,Gazelle,Advertentie m2198982674,,1,https://www.marktplaats.nl/v/fietsen-en-brommers/fietsen-racefietsen/m2198982674-cortina-gazelle-sparta-batavus
"9 nov. '24, 00:27",MaxD,Scope R5D Wielset (Nieuw / Z.G.A.N.),"Scope R5D Wielset. Achterwiel is nieuw (verkregen uit garantie) en ongebruikt, voorwiel is anderhalf jaar oud.

Disc Wielset, topmodel van Scope. Het gaat hier om het R5 model - 58mm hoog, 21mm intern en 28mm extern. Ideaal dus voor moderne banden. Shimano 11/12 speed body.

Wielset is tubeless ready, achterwiel zit tubeless ventiel al voor gemonteerd.

Gaan weg wegens overcompleet. Nieuwprijs 1500 euro, mogen weg voor een goed bod.",,Zo goed als nieuw,versnellingen Meer dan 20 versnellingen,Aluminium,Overige merken,Advertentie m2197755876,Utrecht,1,https://www.marktplaats.nl/v/fietsen-en-brommers/fietsen-racefietsen/m2197755876-scope-r5d-wielset-nieuw-z-g-a-n
"27 feb. '24, 20:55",Rijwiel Cash & Carry,LIV Enviliv Advanced 2 2999 voor 2399 Aero Racefiets Dames,"LIV Enviliv Advanced 2 2999 voor 2399 Aero Racefiets Dames
Maten:  XS, S, M en L
Advanced-Grade Composite, disc frame (carbon)
Contact  stuur
Shimano 105 24 speed 11-30 cassette
Shimano 105 hydraulische remmen
Shimano 105, 12-speed, 36/52
Heeft u vragen? Neem dan contact op.


Rijwiel Cash en Carry
Tongelresestraat 250
5613DV Eindhoven
06-42969550",,Nieuw,versnellingen Meer dan 20 versnellingen,Carbon,Giant,Advertentie a1499019007,Eindhoven,1,https://www.marktplaats.nl/v/fietsen-en-brommers/fietsen-racefietsen/a1499019007-liv-enviliv-advanced-2-2999-voor-2399-aero-racefiets-dames?c=efb2ef4dc323389c4f92ed10afa33e3a&casData=lERewljN8B2u_EePVxZiFXRt7ow3bW5O9WBB0ly5MnEPkDFMRWwt2jzQ7ND6BKVxgI24Bpg-0yihHH3lTAmvWMZtbPx1xIymqhwJMN_8G8AqFaFsC6aPZYqlK_f6m815b558-GAgqa0i_PUyKqsOX6WO8ouSyvJ4NEBlysEIW9R1kne_v1l57ng1XJguzcp4xoJBqIo9th8sjThYGhQeA564gs3yNzMxMpZ3X8WlF_BEr0rD1L5vQs5AoK0KsBqreNC0hVNjAtOt3HMvdLrPNlEfhUXaIBF5oGcWRyRMJyBTIE11azyVsFxUHOUVlXzkAXjvPNSucYs_S9rU-lw_M_ptnIG7DdlM3mvpBdAXfk9Fd-vic2ym4V1yqgVOiENSzPgPb9j7kh0oQMNTDpfs4JfD4iKht-Ao6Dx1z7998uVqgkfob6RXMcJcwxlr7S8r3cwBIF5Wcv_mdIR-cObr0aGUysnHLGTAoeJndzFRROW7fFarhEvclTCYceANFo-RNm21GjdJuWgEm04ab09y-METhXreUBdRXtu8Hh36ozlkt8h3rvfNebQsfuwLyeiQ
"4 sep. '24, 18:09",Mutsaars Bikes,Opruiming Bulls Harrier 3 van 2099 nu voor 1299 euro!!!!,"De Bulls Harrier 3 Disc is een fraaie aluminium racefiets van Bulls met een volledige Shimano 105 afmontage.

Fiets is in alle maten verkrijgbaar.

Indien er vragen zijn over dit product, neem dan contact met ons op voor meer informatie of kom langs in de winkel.

Regen, wind, modder of kasseien. Mutsaars Bikes stuurt je met topmateriaal op pad. Of je nu van een stijlvolle Colnago houdt, met een oer Hollandse Sensa de show steelt, met een kampioen als Bianchi op pad wilt of graag met een prachtige Wilier knalt? Mutsaars Bikes heeft fietsen, kleding, helmen, schoenen en accessoires in alle soorten, maten en kleuren. Passend bij jouw budget, stijl, doel, wens en liefde.
Dus zeg het maar: wat is jouw motivatie? Mont Ventoux? La Marmotte? Trans Alp? De Hel van Schijndel of gewoon lekker een zondagsrijder? Het team van Mutsaars Bikes zet je op de voor jouw ideale fiets. Met de juiste afmetingen en afstellingen. Met bijpassende kleding en accessoires. Kom maar op met die bergen, modder en vele andere mooie koerskilometers


Mutsaars Bikes is al 17 jaar het betrouwbare adres voor alle sportieve fietsers. Inruil is altijd mogelijk.

Tot ziens in Schijndel.

Mutsaars Bikes
Europalaan 79 in Schijndel
Openingstijden:
Maandag 09:00 -18:00
Dinsdag: 09:00 - 18:00
Woensdag: 09:00 - 18:00
Donderdag: 09:00 - 18:00
Vrijdag: 09:00 - 18:00
Zaterdag: 09:00 - 16:00",,Nieuw,versnellingen Meer dan 20 versnellingen,Aluminium,Overige merken,Advertentie m2154425681,,1,https://www.marktplaats.nl/v/fietsen-en-brommers/fietsen-racefietsen/m2154425681-opruiming-bulls-harrier-3-van-2099-nu-voor-1299-euro
"28 sep. '24, 17:47",Mutsaars Bikes,Bianchi Oltre PRO nu met 25% korting!!! Van 7999 nu 5999!!!,"Bianchi Oltre PRO afgemonteerd met Shimano Ultegra Di2 12 speed!! Verder volledig carbon stuur uit een geheel. Carbon wielset van 5 cm hoog.

Verkrijgbaar in de maten 55 - 57 en 59...

Op = Op

Indien er vragen zijn over dit product, neem dan contact met ons op voor meer informatie of kom langs in de winkel.

Regen, wind, modder of kasseien. Mutsaars Bikes stuurt je met topmateriaal op pad. Of je nu van een stijlvolle Colnago houdt, met een oer Hollandse Sensa de show steelt, met een kampioen als Bianchi op pad wilt of graag met een prachtige Wilier knalt? Mutsaars Bikes heeft fietsen, kleding, helmen, schoenen en accessoires in alle soorten, maten en kleuren. Passend bij jouw budget, stijl, doel, wens en liefde.
Dus zeg het maar: wat is jouw motivatie? Mont Ventoux? La Marmotte? Trans Alp? De Hel van Schijndel of gewoon lekker een zondagsrijder? Het team van Mutsaars Bikes zet je op de voor jouw ideale fiets. Met de juiste afmetingen en afstellingen. Met bijpassende kleding en accessoires. Kom maar op met die bergen, modder en vele andere mooie koerskilometers


Mutsaars Bikes is al 17 jaar het betrouwbare adres voor alle sportieve fietsers. Inruil is altijd mogelijk.

Tot ziens in Schijndel.

Mutsaars Bikes
Europalaan 79 in Schijndel
Openingstijden:
Maandag 09:00 -18:00
Dinsdag: 09:00 - 18:00
Woensdag: 09:00 - 18:00
Donderdag: 09:00 - 18:00
Vrijdag: 09:00 - 18:00
Zaterdag: 09:00 - 16:00",,Nieuw,versnellingen Meer dan 20 versnellingen,Carbon,Overige merken,Advertentie m2166388421,,1,https://www.marktplaats.nl/v/fietsen-en-brommers/fietsen-racefietsen/m2166388421-bianchi-oltre-pro-nu-met-25-korting-van-7999-nu-5999
"14 okt. '24, 22:25",van der vliet,Specialized Diverge (incl 2 wegwielen DT Swiss),"Deze Specialzed gravelfiets van carbon, maat 58 is te koop voor een mooie prijs; hij is van 2021 en goed onderhouden; er zijn lichte gebruikerssporen

-SRAM apex 1 groep
-DT Swiss wielen: G540
-Future shock (hydraulische demping in stuurpen)
-nieuw stuurlint
-Crankbrothers pedalen
-extra wielset wegwielen! DT Swiss P1800
-continental gp 5000 banden",,Gebruikt,versnellingen 10 tot 15 versnellingen,,Overige merken,Advertentie m2178515307,Geldrop,1,https://www.marktplaats.nl/v/fietsen-en-brommers/fietsen-racefietsen/m2178515307-specialized-diverge-incl-2-wegwielen-dt-swiss
"6 nov. '24, 20:53",Bas,Carbon racefiets met Campagnolo 3x10 groep,"Te koop:
Full carbon racefiets met geintegreerde zadelpen, maat 54. Huidige zadelhoogte is 68cm, er is enige verstelruimte omhoog mogelijk (en naar beneden door de pen te zagen). Effectieve bovenbuislengte is 54 cm.

Compleet met Campagnolo Daytona 3x10 speed groep en Campagnolo Scirocco wielset met Continental Grand Prix banden. Verder voorzien van een Ritchey stuurpen en een carbon stuur.

De Litespeed stickers kunnen er van af natuurlijk.",53 tot 57 cm,Gebruikt,versnellingen Meer dan 20 versnellingen,Carbon,Overige merken,Advertentie m2196209728,,1,https://www.marktplaats.nl/v/fietsen-en-brommers/fietsen-racefietsen/m2196209728-carbon-racefiets-met-campagnolo-3x10-groep
"6 nov. '24, 14:23",Bol,"Bulls Harrier 2, nieuw nog, mt 58","Bulls Harrier 2
Maat 58, voor personen van 180 tot zo'n 190 cm
Kleur mat zwart, met zwart glanzende details
In een volledige nieuwstaat
Volledig Shimano R7000 uitgevoerd, dus schakelt perfect
Shimano klikpedalen
Selle Italia novus superflow zadel twv 235 euro, lichtgewicht, carbon rail
Banden Schwalbe 25 mm
Alles inclusief:
Montage/ onderhoud staander
Fietstas BBB, fietspomp, fietsbel, 2 bidonhouders, Cateye fietscomputer, reserve binnenbandjes, telefoonhouder monteerbaar. muurhouder om fiets op te hangen
In het echt nog mooier dan op de foto's
Grotere foto's zijn te mailen
Geen gelukzoekers, fiets gaat echt niet voor een prikkie weg...
Een bezichtiging meer dan waard
Eventueel kleding voor een schappelijk prijsje extra",57 tot 61 cm,Nieuw,versnellingen Meer dan 20 versnellingen,Aluminium,Overige merken,Advertentie m2195864812,,1,https://www.marktplaats.nl/v/fietsen-en-brommers/fietsen-racefietsen/m2195864812-bulls-harrier-2-nieuw-nog-mt-58
"11 jun. '24, 20:28",Rijwiel Cash & Carry,Revolt Advanced 1 2023 3599 voor 2699 Gravelbike L en XL,"Revolt Advanced 1 2023 Cordovan van € 3599,- voor € 2699,-

Maten:  L en XL
Advanced-Grade Composite
Giant Contact XR D-Fuse stuur
SRAM Rival 1 hydraulic remmen
SRAM Rival 1 11 speed
Giant P-X2 Disc wheelset, alloy
Heeft u vragen? Neem dan contact op.


Rijwiel Cash en Carry
Tongelresestraat 250
5613DV Eindhoven
06-42969550",,Nieuw,versnellingen 10 tot 15 versnellingen,Carbon,Giant,Advertentie a1502572486,Eindhoven,1,https://www.marktplaats.nl/v/fietsen-en-brommers/fietsen-racefietsen/a1502572486-revolt-advanced-1-2023-3599-voor-2699-gravelbike-l-en-xl?c=efb2ef4dc323389c4f92ed10afa33e3a&casData=7L9dzsWfyriqCFsCriRRZqoYRwEO1JGyx4p1Y6ZVntXoMUAa0gzYVmNKq9sgPn6p9S4YezO0zO6iWNeAU_uxQI6gszf_qOvQWxDdloSlVIkjx-yQbOeq08OsMpQSE5LfdG6OEgQB-wfIjnd0slycCB173a7kW9hIpm5nHQXXWe3gzY6WCpyt34k4ShBcqCCqz99D5SDN-l-PLJmqFGDKyYuK2GTbLoYECRDW3Suh3rbZ0jdikvBdPW-D-Zy1OtKWdUbg3t48GUgQEMUtNJWCuulx3Q1_5S_pnxblqdZNpnm8y4bXXKgVsEnT53CXX71TzSzMTz1ItoqIsx8u0yO-lHFizMiydtxjiN6Jd0QyyRNUPzEXciW-3ZMquCNxdNPQnNvOByUegEbtBYUVUrSGnAtZ-1Q37r9vHi_br9NbEQtEWegchiT5ItWKPY0P7QbSs2jfLK8qsUhtrynTnh9KFLeC_6jZ0BY7Vk4-7X2PDkXsGM2CCvfqZ57KoBWk1CzlglPaNeQHrLJmdNZ4RlBtqnLhuYMZaSQdxzSnyOnf13MRsan4lnq2ZDBm5YCDxZlC
"7 nov. '24, 18:55",Koen,Full Carbon Trek Madone 54 Ultegra Di2 12s Disc Aeolus Pro,"Deze Full Carbon Trek Madone SL 7 Ultegra Di2 12s maat 54. Het is een Modeljaar 2022 voorzien van de nieuwste groepset van Shimano wat garant staat voor een snelle 12s schakelprestaties. Deze Racefiets valt in de categorie Aerobike net als een canyon aeroad, cervelo S5, Scott Foil, Specialized Venge en een Cannondale Systemsix alleen geeft deze dan meer comfort welke ook nog instelbaar is zonder in te leveren op de aero eigenschappen. Dat staat dus garant voor snelheid en een strak design zonder zichtbare kabels.

Deze Trek onderscheid zich mede door de instelbare iso speed technologie waardoor het comfort niveau helemaal naar wens is af te stellen van geen tot relatief veel en gebruik van hoogwaardige OVLV carbon. Bij een fiets uit dit segment mogen Full Carbon kwaliteitswielen niet ontbreken. Met de Bontrager Aelos 51 Pro zit dat goed precies de juiste balans tussen snelheid en comfort. De fiets stuurt, rijd en rolt zo soepel alsof u electronisch ondersteuning heeft. De fiets is ook nog geüpgraded met een full Carbon Aero cockpit.

Bent u die persoon die graag beschikt over top materiaal die past bij uw wensen en doelen dan mag u altijd bellen een berichtje sturen of een passend bod. Het is een maat 54 geschikt voor dames en heren tussen en rond de 166 en 177 cm. Voorvorkbuis nog de originele lengte dus is nog helemaal naar wens af te stellen.

Fiets is ook nog uw naam te registreren bij Trek",,Zo goed als nieuw,versnellingen Meer dan 20 versnellingen,Carbon,Overige merken,Advertentie m2196798670,,1,https://www.marktplaats.nl/v/fietsen-en-brommers/fietsen-racefietsen/m2196798670-full-carbon-trek-madone-54-ultegra-di2-12s-disc-aeolus-pro
"5 nov. '24, 13:06",Hans,"Fairdale Nomad Gravel Bike - XL, Royal Blue","• Gravel bike van 3 jaar oud, nieuw gekocht in oktober 2021
• Nieuwprijs incl. extra wielset €1900,-
• SRAM 2x11 versnellingen
• Standaard wielset 700x45
• Extra wielset 700x25 is inclusief
• Ieder jaar onderhoud bij de dealer
• Onlangs ketting vervangen
• 2x bidonhouder",,Zo goed als nieuw,versnellingen Meer dan 20 versnellingen,,Overige merken,Advertentie m2195126006,,1,https://www.marktplaats.nl/v/fietsen-en-brommers/fietsen-racefietsen/m2195126006-fairdale-nomad-gravel-bike-xl-royal-blue
"11 okt. '24, 09:22",Dixhoorn Fiets Service,"MMR Adrenaline mt L, 105 di2, Vision sc40 carbon","Model 30
FRAME

Adrenaline - G2 Carbon Concept Lite Frame. Intermediate Carbon Fiber. Monocoque. TA 12mm. Fully Internal Cable Routing. Flat Mount. E+ Compatible. Press Fit. Headtube 1.5

FORK

Adrenaline - G2 Carbon Concept Lite Fork. TA 12mm

SHIFTER

Shimano 105 Di2 R7150 12V

DERAILLEUR

Shimano 105 Di2 R7150 12V

BRAKES

Shimano 105 R7170 160mm

CRANKSET

Shimano 105 R7100 50/34T 12V

CASSETTE

Shimano 105 R7100 11/34 12V

CHAIN

Shimano M6100 12V

WHEELS

Vision sc40 carbon

TYRES

Vittoria Zaffiro V Rigid Full Black

STEM

FSA NS ST SMR

HANDLEBAR

FSA Energy ALU 42mm

SEATPOST

FSA Energy ALU

SADDLE

Selle Italia Model Epsilon",,Nieuw,versnellingen Meer dan 20 versnellingen,Carbon,Overige merken,Advertentie m2175707725,Yerseke,1,https://www.marktplaats.nl/v/fietsen-en-brommers/fietsen-racefietsen/m2175707725-mmr-adrenaline-mt-l-105-di2-vision-sc40-carbon
"11 okt. '24, 09:20",Dixhoorn Fiets Service,"MMR Adrenaline mt L, 105 di2, Vision sc40 carbon","Model 30
FRAME

Adrenaline - G2 Carbon Concept Lite Frame. Intermediate Carbon Fiber. Monocoque. TA 12mm. Fully Internal Cable Routing. Flat Mount. E+ Compatible. Press Fit. Headtube 1.5

FORK

Adrenaline - G2 Carbon Concept Lite Fork. TA 12mm

SHIFTER

Shimano 105 Di2 R7150 12V

DERAILLEUR

Shimano 105 Di2 R7150 12V

BRAKES

Shimano 105 R7170 160mm

CRANKSET

Shimano 105 R7100 50/34T 12V

CASSETTE

Shimano 105 R7100 11/34 12V

CHAIN

Shimano M6100 12V

WHEELS

Vision sc40 carbon

TYRES

Vittoria Zaffiro V Rigid Full Black

STEM

FSA NS ST SMR

HANDLEBAR

FSA Energy ALU 42mm

SEATPOST

FSA Energy ALU

SADDLE

Selle Italia Model Epsilon",,Nieuw,versnellingen Meer dan 20 versnellingen,Carbon,Overige merken,Advertentie m2175707497,Yerseke,1,https://www.marktplaats.nl/v/fietsen-en-brommers/fietsen-racefietsen/m2175707497-mmr-adrenaline-mt-l-105-di2-vision-sc40-carbon
"11 okt. '24, 09:11",Dixhoorn Fiets Service,"Argon 18 Krypton mt M, Sram Rival, Vision team 35","De Argon 18 krypton is de semi gravel bike van Argon18.

De Krypton is de meest veelzijdige fiets in het Argon 18 assortiment. Hij houdt je benen fris over elke afstand en elk wegoppervlak. Met een grotere bandenvrijheid, een opbergvak in de onderbuis om gereedschap en uitrusting in mee te nemen en kortere liggende achtervorken, biedt de Krypton een reactievere en responsievere rit, van puur asfalt tot een off-road route. Stabiel op ruig terrein, scherp op glad terrein en snel op de lange termijn: de nieuwe Krypton is een verfijnde fiets voor elke wegdek!

Eigenschappen:

Monocoque carbon frame gemaakt van 5750 HM NanoTech carbon
Gewicht frame 1006 gram
Gewicht carbon voorvork 419 gram
Inclusief carbon zadelpen (ASP-1600 carbon, diameter 27.2 mm)
Aanlasnok voor voorderailleur
Verwisselbare achterpad voor achterderaileur
Bottombracket T47
Interne geleiding van rem- en versnellingskabels; Di2, eTap en EPS compatible
Geschikt voor disc-brakes
Maximaal 40mm banden compatible
Verkrijgbaar in de maten XXS, XS, S, M, L, XL
Leverbaar in de kleuren Iridescent Charcoal Gloss
Meer informatie te bekijken op www.argon18bike.com",,Nieuw,versnellingen Meer dan 20 versnellingen,Carbon,Overige merken,Advertentie m2175706239,Yerseke,1,https://www.marktplaats.nl/v/fietsen-en-brommers/fietsen-racefietsen/m2175706239-argon-18-krypton-mt-m-sram-rival-vision-team-35
"11 okt. '23, 09:40",Rijwiel Cash & Carry,NIEUW Giant TCR Advanced 1 2023 nu 2499 van 3299 RACEFIETS,"NIEUW Giant TCR Advanced 1 2023 nu 2499 van 3299  -Racefiets heren - Racefietsen

OP=OP 

Collectie 2023
Frame: Advanced Composite
Kleur: Coldnight
Stuur: Giant Contact
Groepset: Shimano 105 DI2 12 speed
Remmen: Hydraulisch
Cassette: Shimano 105, 12-speed, 11x34
Crankset: Shimano 105, 34/50
Giant P-R2 Disc wheelset, alloy

Heeft u vragen? Neem dan contact op.


Rijwiel Cash en Carry
Tongelresestraat 250
5613DV Eindhoven
06-42969550
Advanced-Grade Composite, disc Giant Contact 2300013145 Shimano 105 Di2 Giant Course 1, tubeless, 700x25c (28mm), folding Shimano 105, 12-speed, 11x34 Shimano 105, 34/50 Shimano 105 Di2 Giant P-R2 Disc wheelset, alloy Shimano 105 Di2",,Nieuw,versnellingen Meer dan 20 versnellingen,Carbon,Overige merken,Advertentie a1493385819,Eindhoven,1,https://www.marktplaats.nl/v/fietsen-en-brommers/fietsen-racefietsen/a1493385819-nieuw-giant-tcr-advanced-1-2023-nu-2499-van-3299-racefiets?c=efb2ef4dc323389c4f92ed10afa33e3a&casData=JtaDnS2mfncOmL3R1Uct_Ej5mWnmWivTzwL3Upg1IH94YYMFxteXxffjqpTnZgyX_wI3X1d3BuVIwtq9jkODmTjdpZdSQZjOUUth_gYXFjINffrna3RpTle22qggWnRoTwil0UEP4ByJ8a5n5HbgIR6-ZSdZfTEk30MpQs_xkJ-c55vfIYpkKsS8WrE4dLwqAC5ejTe4y1xqw-6-k90wL8ucD7qLD0ip8jHIYucyVjx3ycxVahmRjWKlp7Ml_5K36NnJCum_qVehZk9Oa8dw1NW0v1ImOBNBSKQqgK1ClanG-yzFf0cObE4v6dGV8A7J5icu1Bnk79shiRJSfWfHmUKkiQrUqls6F680cWf8wfL5Mf-U4V6YjkZeLLshcm30MCPPrcAZb232JmlMBCDVynpgIpUNenyon0fd69NdEL_hIK590j4NdMnbgRyzxyum_hqGSvbDC9Z1SzC7ikf-PvJ-3d4ZoDObEAof1SAuo3WkXeHuKW_Fr6shPUEvt98GJZxSYeRq-MqxxbKS243aBtuzcHKS_XyYLJh2yjmsk50KOMY0M_WbPRv6nQuG_VLA
"11 okt. '24, 09:07",Dixhoorn Fiets Service,"MMR Adrenaline 30, Carbon wielen sh47, 105di2, mt M","U extra scherp met carbon wielen de MMR adrenaline, comfortabel en licht!

Model 30
FRAME

Adrenaline - G2 Carbon Concept Lite Frame. Intermediate Carbon Fiber. Monocoque. TA 12mm. Fully Internal Cable Routing. Flat Mount. E+ Compatible. Press Fit. Headtube 1.5

FORK

Adrenaline - G2 Carbon Concept Lite Fork. TA 12mm

SHIFTER

Shimano 105 Di2 R7150 12V

DERAILLEUR

Shimano 105 Di2 R7150 12V

BRAKES

Shimano 105 R7170 160mm

CRANKSET

Shimano 105 R7100 50/34T 12V

CASSETTE

Shimano 105 R7100 11/34 12V

CHAIN

Shimano M6100 12V

Wheels
Shimano sh47 wielset carbon

TYRES

Continental grand prix 5000s

STEM

FSA NS ST SMR

HANDLEBAR

FSA Energy ALU 42mm

SEATPOST

FSA Energy ALU

SADDLE

Selle Italia Model Epsilon",,Nieuw,versnellingen Meer dan 20 versnellingen,Carbon,Overige merken,Advertentie m2175705791,Yerseke,1,https://www.marktplaats.nl/v/fietsen-en-brommers/fietsen-racefietsen/m2175705791-mmr-adrenaline-30-carbon-wielen-sh47-105di2-mt-m
"11 okt. '24, 08:53",Dixhoorn Fiets Service,"Factor Ostro Gravel, mt 56, Shimano GRX di2, Black inch 34","Ben jij op zoek naar een van de beste gravelbikes in de wereld, dan kan je niet om de Factor Ostro Gravel heen, een kanon op het Gravel. Super licht en snel.

Volledig afgemonteerd met Shimano GRX di2 12s groepset en black inc onderdelen.

Word helemaal op maat en naar wens geleverd.

Kom snel langs en ervaar de service van Dixhoornfietsservice!

Belangrijkste kenmerken van de
Factor OSTRO GRAVEL Frameset

Aero profiel buisvormen in het midden van het akkoord
Brede vork met ons baanbrekende Reversing Flow Energizing Channel
Aero cockpit met volledig geïntegreerde bekabeling
Bandenspeling tot 45mm
T47 trapas met schroefdraad
Alleen schijf / alleen elektronisch schakelen",,Nieuw,versnellingen Meer dan 20 versnellingen,,Overige merken,Advertentie m2175704097,Yerseke,1,https://www.marktplaats.nl/v/fietsen-en-brommers/fietsen-racefietsen/m2175704097-factor-ostro-gravel-mt-56-shimano-grx-di2-black-inch-34
"11 okt. '24, 08:44",Dixhoorn Fiets Service,"Mmr Adrenaline Aero 30 red, maat XL, 105 di2, Fulcrum 40db","Nu direct beschikbaar bij Dixhoornfietsservice de MMR adrenaline aero!

Model 30

FRAME
Adrenaline Aero - G3 Carbon Concept Lite Frame. Intermediate Modulus Carbon Fiber. Monocoque. TA 12mm. Fully Internal Cable Routing. Flat Mount. E+ Compatible. Press Fit. Headtube 1.5

FORK
Adrenaline Aero - G3 Carbon Concept Lite Fork. TA 12mm

SHIFTER
Shimano 105 Di2 R7150 12V

DERAILLEUR
Shimano 105 Di2 R7150 12V

BRAKES
Shimano Di2 105 R7170 160mm

CRANKSET
Shimano 105 R7100 50/34T 12V

CASSETTE
Shimano 105 R7100 11/34 12V

CHAIN
Shimano M6100 12V

WHEELS
Fulcrum wind 40db carbon wheelset

TYRES
Continental grand prix 28mm

STEM
FSA NS ST SMR

HANDLEBAR
FSA Energy ALU 42mm

SEATPOST
MMR Aero Carbon

SADDLE
Selle Italia Model Epsilon

ADD TO COMPARE",,Nieuw,versnellingen Meer dan 20 versnellingen,Carbon,Overige merken,Advertentie m2175703153,Yerseke,1,https://www.marktplaats.nl/v/fietsen-en-brommers/fietsen-racefietsen/m2175703153-mmr-adrenaline-aero-30-red-maat-xl-105-di2-fulcrum-40db
"11 okt. '24, 08:40",Dixhoorn Fiets Service,"Mmr Grand Tour, new 2024, semi gravel, mt L,","Direct beschikbaar bij Dixhoornfietsservice de MMR Grand Tour!

Model 10
FRAME

Grand Tour - G1 Carbon Concept Frame. Intermediate Modulus carbon fiber. Monocoque. TA 12mm. Fully Internal Cable Routing. Flat Mount. E+ compatible. Press Fit. Headtube 1.5

FORK

Grand Tour - Carbon Concept Lite Fork TA 12mm

SHIFTER

Shimano 105 Di2 R7150 12V

DERAILLEUR

Shimano 105 Di2 R7150 12V

BRAKES

Shimano Di2 105 R7170 160mm

CRANKSET

Shimano 105 R7100 50/34T 12V

CASSETTE

Shimano 105 R7100 11/34T 12V

CHAIN

Shimano M6100 12V

WHEELS

DT Swiss P1800 DB CL HG

TYRES

Michelin Power Adventure 36mm

STEM

FSA NS ST SMR -6°

HANDLEBAR

FSA Energy ALU

SEATPOST

FSA Energy ALU

SADDLE

Selle Italia Model Epsilon",53 tot 57 cm,Nieuw,versnellingen Meer dan 20 versnellingen,Carbon,Overige merken,Advertentie m2175702763,Yerseke,1,https://www.marktplaats.nl/v/fietsen-en-brommers/fietsen-racefietsen/m2175702763-mmr-grand-tour-new-2024-semi-gravel-mt-l
"10 nov. '24, 22:04",Jaap,Ridley Kanzo A black grx 600 (S) Gravelbike,"Ridley Kanzo maat S (ik ben 175cm) in zeer goede staat (geen 2000km op gereden)!

Grx 600. - compact 2x11 - fulcrum wielen - specialized pathfinder banden 38mm in bijna nieuw staat veel profiel.

Tegen kleine meerprijs ook de wtb 45mm banden ter overname.

Orginele onderdelen, normale gebruiksporen, beetje roest op casette, top gravelbike!

Serieuze biedingen",,Gebruikt,versnellingen Meer dan 20 versnellingen,Aluminium,Overige merken,Advertentie m2199324462,,1,https://www.marktplaats.nl/v/fietsen-en-brommers/fietsen-racefietsen/m2199324462-ridley-kanzo-a-black-grx-600-s-gravelbike
"15 okt. '24, 15:17",Rijwiel Cash & Carry,NIEUW Giant Propel Advanced Pro 0 2024 nu €5599 van 6599,"NIEUW Giant Propel Advanced Pro 0 2024 €5599 van 6599 RACEFIETS
RACEFIETS-Racefiets heren - Racefietsen

OP=OP 
Maat S, M L en XL

Collectie 2024


Frame: Advanced Composite (carbon)
Kleur: Sangria Red
Stuur: Giant Contact SLR Aero
Groepset: Shimano Ultegra DI2 Hydraulisch
Remmen: Hydraulisch schijfremmen
Cassette: Shimano Ultegra 11x30
Crankset: Shimano 36/52, Power Pro Powermeter
Giant SLR 1 50 Carbon Disc WheelSystem


Heeft u vragen? Neem dan contact op.



Rijwiel Cash en Carry
Tongelresestraat 250
5613DV Eindhoven

040-2950198",,Nieuw,versnellingen Meer dan 20 versnellingen,Carbon,Giant,Advertentie a1506795049,Eindhoven,1,https://www.marktplaats.nl/v/fietsen-en-brommers/fietsen-racefietsen/a1506795049-nieuw-giant-propel-advanced-pro-0-2024-nu-5599-van-6599?c=efb2ef4dc323389c4f92ed10afa33e3a&casData=J55uBPUg1mLRl-7P8WQpwgneV03szySXjfS5klD8fjDN24R0woPgxNuswp-QN4R0RyYRHfnAqrzLH1aEGeo6eZOkbFycskM1OCvi3o8XZUNo921e4X597tv-pD5YO0XLrNPH7Ndki1QupApbxRSXORvhB7A7Egd52hMFnRxJjGIFN5nUHAA3kYXhF4VXqyz-bfQZB6pCHKyPwDYXbWXmnqkceX6NqqXAz3t3P9O-xgJw9Jd-IJ6gRovH-e66a1gtItvDelebI55fPHkMdDMzJVxHXYbuaWhwM2FZVJyCsO4c9crXgTOQ8hy9wrGotMPCbIzya8ViwZtLL0t_A01NErZqErx0wEBaY6tapAp36rOTT8sA5cZx84flCIz_-Az0_OYikMyj0tHD5idyU8hjq4X1nenoIjchWQ5CN-Szkq2t5Vn_LNDBsVOv9MJ3yVnYaQ5QKs4uYs5ndFwAS-c3oFzgXPuU40MFBCh_GKE-csTBw-JnZPWw7agiSyILKrHzArMeqSpihPzk2Tl6yq1mNeruAuFTttWyQZEEnPfmF_tiUWMrcbvJ0BYAaBilGyrS
"8 nov. '24, 21:57",Ben Ben Benjamin,Racefiets Pinarello Galileo 2000s model,"originele fiets met: carbon voorvork, bidon houder en zadelpen. campagnolo chorus versnelling zet campagnolo orginele klikpedalen. snelheidscomputer en shimano pedalen mag je er gratis bijhebben. frame formaat: 59cm fiets is weinig gebruikt, bleek helaas te groot te zijn dus heeft 3 jaar binnen gestaan. versnellingen werken naar behoren en remmen zijn zo goed als nieuw. stel gerust een vraag",,Zo goed als nieuw,versnellingen Meer dan 20 versnellingen,,Overige merken,Advertentie m2197668056,,1,https://www.marktplaats.nl/v/fietsen-en-brommers/fietsen-racefietsen/m2197668056-racefiets-pinarello-galileo-2000s-model
"11 nov. '24, 17:22",Daniël T,Koersfiets Bianchi carbon met reservewielen,"Koersfiets van het merk Bianchi.
Materiaal: carbon.
In goede staat (alles in werking).
Met kilometerteller.
2 reservewielen met buitenband (voorste en achterste wiel).
2 extra binnenbanden.
2 paar schoenen indien gewenst (maat 41 en maat 42).
Klikpedalen.
Mijn lengte: 1m78. Ideaal voor deze koersfiets.

Verkoop de fiets aangezien ik geen lange afstanden (woon-en werkverkeer) meer doe.",,Gebruikt,versnellingen 10 tot 15 versnellingen,,Overige merken,Advertentie m2199833482,,1,https://www.marktplaats.nl/v/fietsen-en-brommers/fietsen-racefietsen/m2199833482-koersfiets-bianchi-carbon-met-reservewielen
"16 jan. '24, 15:26",Rijwiel Cash & Carry,Giant Revolt Advanced Pro 0 van €6799 voor €5499 GRAVELBIKE,"Giant Revolt Advanced Pro 0 van €6799 voor €5499 GRAVELBIKE
Maten:  S, M, ML, L en XL
Advanced-Grade Composite, disc Giant PRO frame
Voorvork advanced SL-grade composite, full-composite OverDrive steerer
Stuur Giant Contact SLR XR D-Fuse
Shifters Sram Force AXS HRD, 2x12
Voorderailleur Sram Force AXS Wide
Achterderailleur Sram Force AXS, Max 36T
Remmen Sram ForceTap AXS HRD
Cassette Sram Force, XG-1270, 12-speed, 10-36
Crankset Sram Force D2 DUB,30/43
Giant CXR 1 Carbon Disc WheelSystem
Heeft u vragen? Neem dan contact op.


Rijwiel Cash en Carry
Tongelresestraat 250
5613DV Eindhoven
040-2950198",,Nieuw,versnellingen Meer dan 20 versnellingen,Carbon,Giant,Advertentie a1497558734,Eindhoven,1,https://www.marktplaats.nl/v/fietsen-en-brommers/fietsen-racefietsen/a1497558734-giant-revolt-advanced-pro-0-van-6799-voor-5499-gravelbike?c=efb2ef4dc323389c4f92ed10afa33e3a&casData=vxqHicKSBNvlBu3NcUYqF9S0OcRkH3izpMDV63FeSCX3QItFzi8sh62mlp3o5HMtjbp0_ptJY2LfZ1J8susn7jyB77vmvSh1PgZsHv5d2Nxe6yFX-IrSmFyRwhTZI39brj-AYRU4fNM024lZMnvjC8ucLqOj3JNL1v5SAGqp2D_DHfkVSMd35eygMJ1aTIpm7Z-27EAfwVq3kH-LydlMJbc7CpM0u2mIkhuONURpYB6Sqtw8XhHt4WEYX8lILvmOS-OyXshcuHN9RJDzcFq67UembsM45dkK67_iW44sibGb6BYzwAntd2GC_uetTozM_4zk1vc4CjDR6meS_Fj6eBKE568HBQW1UTJtJ4Jk6vmfEZV6-ZBoRdgPMchcL4nzvGeKXOCjNV0tKFdPjUQAc_aE01GmWsp_b9yOUfi_RxFUOtOMG_r4hY4fplT9oybWV4hyG5C65mOoupHU8geWYu9EDLaA6b2bBAgF0V71gb-ue7WGrnxkwpm6ZL_DmpAKyxHqdyfgpAsH25tLPpQ41jsPQepZ16t3KLAsTaIhBTmYiUQljG8IQZfhIEiCpmYc
